{"cameraMode":{"drawMode":0,"name":"Shaded","section":"Shading Mode"},"sceneLighting":false,"audioPlay":false,"sceneViewState":{"m_AlwaysRefresh":false,"showFog":true,"showSkybox":false,"showFlares":true,"showImageEffects":true,"showParticleSystems":true,"showVisualEffectGraphs":true,"m_FxEnabled":true},"in2DMode":false,"pivot":{"x":14.870002746582032,"y":4.329999923706055,"z":-324.4800109863281},"rotation":{"x":-0.10719673335552216,"y":0.0028525441884994509,"z":-0.00031034182757139206,"w":-0.9942655563354492},"size":17.909934997558595,"orthographic":false}