{"cameraMode":{"drawMode":0,"name":"Shaded","section":"Shading Mode"},"sceneLighting":true,"audioPlay":false,"sceneViewState":{"showFog":true,"showMaterialUpdate":false,"showSkybox":true,"showFlares":true,"showImageEffects":true,"showParticleSystems":true},"in2DMode":false,"pivot":{"x":-10.143324851989746,"y":-1.7080426216125489,"z":6.563331604003906},"rotation":{"x":-0.13506574928760529,"y":0.4078522324562073,"z":-0.061144232749938968,"w":-0.9009320139884949},"size":10.0,"orthographic":false}