{"cameraMode":{"drawMode":0,"name":"Shaded","section":"Shading Mode"},"sceneLighting":false,"audioPlay":false,"sceneViewState":{"m_AlwaysRefresh":false,"showFog":true,"showSkybox":false,"showFlares":true,"showImageEffects":true,"showParticleSystems":true,"showVisualEffectGraphs":true,"m_FxEnabled":true},"in2DMode":false,"pivot":{"x":21.013193130493165,"y":3.9202709197998049,"z":-340.9964294433594},"rotation":{"x":0.0720851719379425,"y":-0.8759714365005493,"z":0.13830652832984925,"w":0.45650622248649599},"size":17.909934997558595,"orthographic":false}